search_term;twitter_handle
Alikhan NF[AU];@happy_khan
Beatson, Scott A[FAU];@beatsonlab
Achtman, Mark[FAU]
Ben Zakour, Nouri L[FAU]
Brinkman, Fiona S[FAU]
Brisse Sylvain[AU];@sylvainbrisse
Brown CT[AU]
Bryant, David[FAU]
Caccamo M[AU]
Chikhi, Rayan[AU];@RayanChikhi
Croucher NJ[AU]
Darling, Aaron E[FAU];@koadman
Didelot, Xavier[AU];@XavierDidelot
Barton, Michael[FAU]
Quince C[AU]
Eddy, Sean R[FAU]
Edgar RC[AU]
Eisen, Jonathan A[AU];@phylogenomics
Eppinger, Mark[FAU]
Falush, Daniel[AU];@DanielFalush
Feil EJ[AU];@EpicFeil_
Finlay, Brett B[FAU]
Foret S[AU]
Gardy, Jennifer L[FAU];@jennifergardy
Gilmour, Matthew W[FAU]
Hanage BW[AU];@BillHanage
Harmsen, Dag[FAU]
Harris, Simon R[FAU];@DrSimonHarris
Hazen TH[AU]
Henderson, Ian R[FAU];@HendersonLab
Hinton, Jay C[FAU];@jay_salsa
Holt KE[AU];@DrKatHolt
Huson DH[AU]
Koonin EV[AU]
Krzywinski M[AU]
Lipman, David J[FAU]
Loman, Nicholas J[FAU];@pathogenomenick
Manning SD[AU]
McClelland M[AU]
McNally, Alan[FAU];@alanmcn1
Myers, Gene[FAU]
Pace NR[AU]
Pallen, Mark J[FAU];@mjpallen
Parkhill J[AU]
Petty NK[AU]
Pevzner PA[AU]
Rasko, David A[FAU];@RaskoDavid
Ravel J[AU]
Rocha EP[AU]
Rossen JWA[AU]
Salzberg, Steven L[FAU]
Schembri MA[AU]
Seemann, Torsten[FAU];@torstenseemann
Sheppard SK[AU]
Thomson NR[AU]
Treangen, Todd J[FAU];@traingene
Tyson, Gene W[FAU]
Vandamme AM[AU]
Watson M[AU]
Weill FX[AU]
Zerbino, Daniel R[FAU];@dzerbino
Allaby, Robin G[FAU];#aDNA
Page, Andrew J[FAU];@andrewjpage
Wee, Bryan A[FAU];@bawee
Aanensen, David M[FAU];@daanensen
Carrico JA[AU];@jacarrico
Dallman TJ[AU];@TimDallman
Deng, Xiangyu[AU]
Chadhuri, Roy[FAU];@RoyChaudhuri
Phillippy, Adam M[FAU];@aphillippy
Maiden MC[AU];@MaidenLab
Jolley, Keith A[AU];@keithajolley
Crook, Derrek[AU]
Corander, Jukka[FAU]
Lan, Ruiting[FAU]
Le Hello, Simon[FAU]
Peto, Timothy[AU]
Ho, Simon Y[FAU]
Iqbal, Zamin[FAU];@ZaminIqbal
Ludovic, Orlando[AU];#aDNA
Colijn, Caroline[AU];@CarolineColijn
Taboada E[AU]
Wishart, David[FAU]
Wiens JJ[AU]
Van Domselaar G[AU]
Drummond A[AU]
Pybus, Oliver G[FAU]
Bos KI[AU];#aDNA
Nayfach S[AU];#aDNA
Warinner C[AU];#aDNA
Dingle KE[AU]
Pascoe B[AU]
Rambaut, Andrew[AU];@arambaut
Duchene, Sebastian[AU];#phylo
Octavia, Sophia[FAU]
Langridge, Gemma C[FAU]
Katz, Lee[FAU]
Denham, Emma L[FAU];@Gingermicrobe
Waterfield, Nicholas R[FAU];@Nick_Waterfield
Holmes, Edward C[FAU];@edwardcholmes #popgen
